col1,col2
False,2.0800243000267074
True,0.5342758999904618
False,0.2227654000162147
True,0.5223193999845535
True,0.48084310005651787
True,1.0433817000011913
True,0.59773259999929
True,0.5361146999639459
